{"fps": 30, "duration": 2.5162277660168377, "start_position": [0.2, 0.0, 0.6], "segments": [{"state": "LIT", "position": [[0.16363636363636364, 0.0, 0.6], [0.12727272727272726, 0.0, 0.6], [0.09090909090909094, 0.0, 0.6], [0.054545454545454564, 0.0, 0.6], [0.01818181818181816, 0.0, 0.6], [-0.01818181818181816, 0.0, 0.6], [-0.054545454545454536, 0.0, 0.6], [-0.09090909090909093, 0.0, 0.6], [-0.12727272727272732, 0.0, 0.6], [-0.1636363636363637, 0.0, 0.6], [-0.2, 0.0, 0.6]], "velocity": [[-1.0909090909090913, 0.0, 0.0], [-1.0909090909090897, 0.0, 0.0], [-1.0909090909090913, 0.0, 0.0], [-1.0909090909090922, 0.0, 0.0], [-1.0909090909090897, 0.0, 0.0], [-1.0909090909090913, 0.0, 0.0], [-1.0909090909090917, 0.0, 0.0], [-1.0909090909090917, 0.0, 0.0], [-1.0909090909090913, 0.0, 0.0], [-1.0909090909090897, 0.0, 0.0], [0.0, 0.0, -1.0588235294117643]]}, {"state": "LIT", "position": [[-0.2, 0.0, 0.5647058823529412], [-0.2, 0.0, 0.5294117647058824], [-0.2, 0.0, 0.4941176470588235], [-0.2, 0.0, 0.45882352941176463], [-0.2, 0.0, 0.4235294117647058], [-0.2, 0.0, 0.38823529411764707], [-0.2, 0.0, 0.35294117647058826], [-0.2, 0.0, 0.3176470588235294], [-0.2, 0.0, 0.2823529411764706], [-0.2, 0.0, 0.24705882352941175], [-0.2, 0.0, 0.2117647058823529], [-0.2, 0.0, 0.17647058823529416], [-0.2, 0.0, 0.14117647058823532], [-0.2, 0.0, 0.1058823529411765], [-0.2, 0.0, 0.07058823529411766], [-0.2, 0.0, 0.03529411764705883], [-0.2, 0.0, 0.0]], "velocity": [[0.0, 0.0, -1.0588235294117643], [0.0, 0.0, -1.058823529411766], [0.0, 0.0, -1.058823529411766], [0.0, 0.0, -1.0588235294117643], [0.0, 0.0, -1.0588235294117627], [0.0, 0.0, -1.0588235294117643], [0.0, 0.0, -1.058823529411766], [0.0, 0.0, -1.0588235294117643], [0.0, 0.0, -1.0588235294117652], [0.0, 0.0, -1.0588235294117652], [0.0, 0.0, -1.0588235294117627], [0.0, 0.0, -1.0588235294117652], [0.0, 0.0, -1.0588235294117647], [0.0, 0.0, -1.0588235294117652], [0.0, 0.0, -1.058823529411765], [0.0, 0.0, -1.058823529411765], [1.0909090909090913, 0.0, 0.0]]}, {"state": "LIT", "position": [[-0.16363636363636364, 0.0, 0.0], [-0.12727272727272726, 0.0, 0.0], [-0.09090909090909093, 0.0, 0.0], [-0.054545454545454536, 0.0, 0.0], [-0.01818181818181816, 0.0, 0.0], [0.01818181818181816, 0.0, 0.0], [0.054545454545454564, 0.0, 0.0], [0.09090909090909094, 0.0, 0.0], [0.12727272727272732, 0.0, 0.0], [0.1636363636363637, 0.0, 0.0], [0.2, 0.0, 0.0]], "velocity": [[1.0909090909090913, 0.0, 0.0], [1.09090909090909, 0.0, 0.0], [1.0909090909090917, 0.0, 0.0], [1.0909090909090913, 0.0, 0.0], [1.0909090909090897, 0.0, 0.0], [1.0909090909090922, 0.0, 0.0], [1.0909090909090913, 0.0, 0.0], [1.0909090909090913, 0.0, 0.0], [1.0909090909090913, 0.0, 0.0], [1.0909090909090897, 0.0, 0.0], [-0.8571428571428574, 0.0, 0.6428571428571428]]}, {"state": "DARK", "position": [[0.17142857142857143, 0.0, 0.021428571428571425], [0.1428571428571429, 0.0, 0.04285714285714285], [0.11428571428571427, 0.0, 0.06428571428571428], [0.08571428571428574, 0.0, 0.0857142857142857], [0.05714285714285716, 0.0, 0.10714285714285712], [0.028571428571428553, 0.0, 0.12857142857142856], [0.0, 0.0, 0.15], [-0.028571428571428553, 0.0, 0.1714285714285714], [-0.057142857142857134, 0.0, 0.19285714285714284], [-0.08571428571428569, 0.0, 0.21428571428571425], [-0.11428571428571428, 0.0, 0.2357142857142857], [-0.14285714285714285, 0.0, 0.2571428571428571], [-0.1714285714285714, 0.0, 0.2785714285714285], [-0.2, 0.0, 0.3]], "velocity": [[-0.8571428571428558, 0.0, 0.6428571428571428], [-0.8571428571428591, 0.0, 0.6428571428571429], [-0.8571428571428558, 0.0, 0.6428571428571427], [-0.8571428571428574, 0.0, 0.6428571428571427], [-0.8571428571428583, 0.0, 0.6428571428571431], [-0.8571428571428567, 0.0, 0.6428571428571431], [-0.8571428571428567, 0.0, 0.6428571428571422], [-0.8571428571428574, 0.0, 0.6428571428571431], [-0.8571428571428567, 0.0, 0.6428571428571422], [-0.8571428571428579, 0.0, 0.6428571428571439], [-0.857142857142857, 0.0, 0.6428571428571422], [-0.8571428571428567, 0.0, 0.6428571428571422], [-0.8571428571428583, 0.0, 0.6428571428571439], [1.1250000000000002, 0.0, 0.0]]}, {"state": "LIT", "position": [[-0.1625, 0.0, 0.3], [-0.125, 0.0, 0.3], [-0.08750000000000002, 0.0, 0.3], [-0.05000000000000002, 0.0, 0.3], [-0.012500000000000011, 0.0, 0.3], [0.024999999999999967, 0.0, 0.3], [0.0625, 0.0, 0.3], [0.09999999999999998, 0.0, 0.3]], "velocity": [[1.1250000000000002, 0.0, 0.0], [1.1249999999999993, 0.0, 0.0], [1.1250000000000002, 0.0, 0.0], [1.1250000000000002, 0.0, 0.0], [1.1249999999999993, 0.0, 0.0], [1.125000000000001, 0.0, 0.0], [1.1249999999999993, 0.0, 0.0], [0.37500000000000033, 0.0, 1.125000000000001]]}, {"state": "RETURN", "position": [[0.11249999999999999, 0.0, 0.3375], [0.12499999999999994, 0.0, 0.375], [0.1375, 0.0, 0.4125], [0.14999999999999997, 0.0, 0.44999999999999996], [0.16249999999999998, 0.0, 0.4875], [0.17500000000000004, 0.0, 0.5249999999999999], [0.1875, 0.0, 0.5625], [0.2, 0.0, 0.6]], "velocity": [[0.37499999999999867, 0.0, 1.1249999999999993], [0.375000000000002, 0.0, 1.1249999999999993], [0.37499999999999867, 0.0, 1.1249999999999993], [0.37500000000000033, 0.0, 1.125000000000001], [0.375000000000002, 0.0, 1.1249999999999978], [0.37499999999999867, 0.0, 1.1250000000000027], [0.37500000000000033, 0.0, 1.1249999999999993], [-1.0909090909090913, 0.0, 0.0]]}]}