{"fps": 60, "duration": 1.2581138830084189, "segments": [{"state": "LIT", "position": [[0.4, 0.0, 0.6], [0.36363636363636365, 0.0, 0.6], [0.32727272727272727, 0.0, 0.6], [0.29090909090909095, 0.0, 0.6], [0.2545454545454546, 0.0, 0.6], [0.21818181818181817, 0.0, 0.6], [0.18181818181818185, 0.0, 0.6], [0.14545454545454548, 0.0, 0.6], [0.10909090909090909, 0.0, 0.6], [0.07272727272727271, 0.0, 0.6], [0.036363636363636334, 0.0, 0.6], [0.0, 0.0, 0.6]], "velocity": [[-2.1818181818181825, 0.0, 0.0], [-2.1818181818181825, 0.0, 0.0], [-2.1818181818181794, 0.0, 0.0], [-2.1818181818181825, 0.0, 0.0], [-2.1818181818181843, 0.0, 0.0], [-2.1818181818181794, 0.0, 0.0], [-2.1818181818181825, 0.0, 0.0], [-2.1818181818181834, 0.0, 0.0], [-2.1818181818181825, 0.0, 0.0], [-2.1818181818181825, 0.0, 0.0], [-2.18181818181818, 0.0, 0.0], [0.0, 0.0, 0.0]]}, {"state": "LIT", "position": [[0.0, 0.0, 0.6], [0.0, 0.0, 0.5647058823529412], [0.0, 0.0, 0.5294117647058824], [0.0, 0.0, 0.4941176470588235], [0.0, 0.0, 0.45882352941176463], [0.0, 0.0, 0.4235294117647058], [0.0, 0.0, 0.38823529411764707], [0.0, 0.0, 0.35294117647058826], [0.0, 0.0, 0.3176470588235294], [0.0, 0.0, 0.2823529411764706], [0.0, 0.0, 0.24705882352941175], [0.0, 0.0, 0.2117647058823529], [0.0, 0.0, 0.17647058823529416], [0.0, 0.0, 0.14117647058823532], [0.0, 0.0, 0.1058823529411765], [0.0, 0.0, 0.07058823529411766], [0.0, 0.0, 0.03529411764705883], [0.0, 0.0, 0.0]], "velocity": [[0.0, 0.0, -2.1176470588235285], [0.0, 0.0, -2.1176470588235285], [0.0, 0.0, -2.117647058823532], [0.0, 0.0, -2.117647058823532], [0.0, 0.0, -2.1176470588235285], [0.0, 0.0, -2.1176470588235254], [0.0, 0.0, -2.1176470588235285], [0.0, 0.0, -2.117647058823532], [0.0, 0.0, -2.1176470588235285], [0.0, 0.0, -2.1176470588235303], [0.0, 0.0, -2.1176470588235303], [0.0, 0.0, -2.1176470588235254], [0.0, 0.0, -2.1176470588235303], [0.0, 0.0, -2.1176470588235294], [0.0, 0.0, -2.1176470588235303], [0.0, 0.0, -2.11764705882353], [0.0, 0.0, -2.11764705882353], [0.0, 0.0, 0.0]]}, {"state": "LIT", "position": [[0.0, 0.0, 0.0], [0.03636363636363637, 0.0, 0.0], [0.07272727272727274, 0.0, 0.0], [0.10909090909090909, 0.0, 0.0], [0.14545454545454548, 0.0, 0.0], [0.18181818181818185, 0.0, 0.0], [0.21818181818181817, 0.0, 0.0], [0.2545454545454546, 0.0, 0.0], [0.29090909090909095, 0.0, 0.0], [0.3272727272727273, 0.0, 0.0], [0.3636363636363637, 0.0, 0.0], [0.4, 0.0, 0.0]], "velocity": [[2.181818181818182, 0.0, 0.0], [2.181818181818182, 0.0, 0.0], [2.1818181818181808, 0.0, 0.0], [2.1818181818181834, 0.0, 0.0], [2.1818181818181825, 0.0, 0.0], [2.1818181818181794, 0.0, 0.0], [2.1818181818181843, 0.0, 0.0], [2.1818181818181825, 0.0, 0.0], [2.1818181818181825, 0.0, 0.0], [2.1818181818181825, 0.0, 0.0], [2.1818181818181794, 0.0, 0.0], [0.0, 0.0, 0.0]]}, {"state": "DARK", "position": [[0.4, 0.0, 0.0], [0.37142857142857144, 0.0, 0.021428571428571425], [0.3428571428571429, 0.0, 0.04285714285714285], [0.3142857142857143, 0.0, 0.06428571428571428], [0.28571428571428575, 0.0, 0.0857142857142857], [0.2571428571428572, 0.0, 0.10714285714285712], [0.22857142857142856, 0.0, 0.12857142857142856], [0.2, 0.0, 0.15], [0.17142857142857146, 0.0, 0.1714285714285714], [0.14285714285714288, 0.0, 0.19285714285714284], [0.11428571428571432, 0.0, 0.21428571428571425], [0.08571428571428573, 0.0, 0.2357142857142857], [0.05714285714285716, 0.0, 0.2571428571428571], [0.028571428571428605, 0.0, 0.2785714285714285], [0.0, 0.0, 0.3]], "velocity": [[-1.7142857142857149, 0.0, 1.2857142857142856], [-1.7142857142857115, 0.0, 1.2857142857142856], [-1.7142857142857182, 0.0, 1.2857142857142858], [-1.7142857142857115, 0.0, 1.2857142857142854], [-1.7142857142857149, 0.0, 1.2857142857142854], [-1.7142857142857166, 0.0, 1.2857142857142863], [-1.7142857142857133, 0.0, 1.2857142857142863], [-1.7142857142857133, 0.0, 1.2857142857142845], [-1.7142857142857149, 0.0, 1.2857142857142863], [-1.7142857142857133, 0.0, 1.2857142857142845], [-1.7142857142857157, 0.0, 1.2857142857142878], [-1.714285714285714, 0.0, 1.2857142857142845], [-1.7142857142857135, 0.0, 1.2857142857142845], [-1.7142857142857164, 0.0, 1.2857142857142878], [0.0, 0.0, 0.0]]}, {"state": "LIT", "position": [[0.0, 0.0, 0.3], [0.0375, 0.0, 0.3], [0.075, 0.0, 0.3], [0.11249999999999999, 0.0, 0.3], [0.15, 0.0, 0.3], [0.1875, 0.0, 0.3], [0.22499999999999998, 0.0, 0.3], [0.2625, 0.0, 0.3], [0.3, 0.0, 0.3]], "velocity": [[2.25, 0.0, 0.0], [2.25, 0.0, 0.0], [2.2499999999999996, 0.0, 0.0], [2.2500000000000004, 0.0, 0.0], [2.2500000000000004, 0.0, 0.0], [2.2499999999999987, 0.0, 0.0], [2.250000000000002, 0.0, 0.0], [2.2499999999999987, 0.0, 0.0], [0.0, 0.0, 0.0]]}, {"state": "RETURN", "position": [[0.3, 0.0, 0.3], [0.3125, 0.0, 0.3375], [0.32499999999999996, 0.0, 0.375], [0.3375, 0.0, 0.4125], [0.35, 0.0, 0.44999999999999996], [0.3625, 0.0, 0.4875], [0.37500000000000006, 0.0, 0.5249999999999999], [0.3875, 0.0, 0.5625], [0.4, 0.0, 0.6]], "velocity": [[0.7500000000000007, 0.0, 2.250000000000002], [0.7499999999999973, 0.0, 2.2499999999999987], [0.750000000000004, 0.0, 2.2499999999999987], [0.7499999999999973, 0.0, 2.2499999999999987], [0.7500000000000007, 0.0, 2.250000000000002], [0.750000000000004, 0.0, 2.2499999999999956], [0.7499999999999973, 0.0, 2.2500000000000053], [0.7500000000000007, 0.0, 2.2499999999999987], [0.0, 0.0, 0.0]]}]}