{"fps": 30, "duration": 5.284441020371192, "start_position": [-0.2, 0.0, 0.0], "segments": [{"state": "LIT", "position": [[-0.2, 0.0, 0.01714285714285714], [-0.2, 0.0, 0.03428571428571428], [-0.2, 0.0, 0.05142857142857143], [-0.2, 0.0, 0.06857142857142856], [-0.2, 0.0, 0.0857142857142857], [-0.2, 0.0, 0.10285714285714286], [-0.2, 0.0, 0.11999999999999998], [-0.2, 0.0, 0.13714285714285712], [-0.2, 0.0, 0.15428571428571428], [-0.2, 0.0, 0.1714285714285714], [-0.2, 0.0, 0.18857142857142856], [-0.2, 0.0, 0.2057142857142857], [-0.2, 0.0, 0.22285714285714286], [-0.2, 0.0, 0.23999999999999996], [-0.2, 0.0, 0.2571428571428571], [-0.2, 0.0, 0.27428571428571424], [-0.2, 0.0, 0.2914285714285714], [-0.2, 0.0, 0.30857142857142855], [-0.2, 0.0, 0.3257142857142857], [-0.2, 0.0, 0.3428571428571428], [-0.2, 0.0, 0.36], [-0.2, 0.0, 0.3771428571428571], [-0.2, 0.0, 0.3942857142857143], [-0.2, 0.0, 0.4114285714285714], [-0.2, 0.0, 0.42857142857142855], [-0.2, 0.0, 0.44571428571428573], [-0.2, 0.0, 0.4628571428571428], [-0.2, 0.0, 0.4799999999999999], [-0.2, 0.0, 0.4971428571428571], [-0.2, 0.0, 0.5142857142857142], [-0.2, 0.0, 0.5314285714285714], [-0.2, 0.0, 0.5485714285714285], [-0.2, 0.0, 0.5657142857142857], [-0.2, 0.0, 0.5828571428571429], [-0.2, 0.0, 0.6]], "velocity": [[0.0, 0.0, 0.5142857142857142], [0.0, 0.0, 0.5142857142857145], [0.0, 0.0, 0.514285714285714], [0.0, 0.0, 0.5142857142857142], [0.0, 0.0, 0.5142857142857147], [0.0, 0.0, 0.5142857142857138], [0.0, 0.0, 0.5142857142857142], [0.0, 0.0, 0.5142857142857147], [0.0, 0.0, 0.5142857142857138], [0.0, 0.0, 0.5142857142857147], [0.0, 0.0, 0.5142857142857147], [0.0, 0.0, 0.5142857142857147], [0.0, 0.0, 0.514285714285713], [0.0, 0.0, 0.5142857142857147], [0.0, 0.0, 0.5142857142857138], [0.0, 0.0, 0.5142857142857155], [0.0, 0.0, 0.5142857142857138], [0.0, 0.0, 0.5142857142857138], [0.0, 0.0, 0.5142857142857138], [0.0, 0.0, 0.5142857142857155], [0.0, 0.0, 0.5142857142857138], [0.0, 0.0, 0.5142857142857155], [0.0, 0.0, 0.5142857142857138], [0.0, 0.0, 0.5142857142857138], [0.0, 0.0, 0.5142857142857155], [0.0, 0.0, 0.5142857142857121], [0.0, 0.0, 0.5142857142857138], [0.0, 0.0, 0.5142857142857155], [0.0, 0.0, 0.5142857142857138], [0.0, 0.0, 0.5142857142857138], [0.0, 0.0, 0.5142857142857138], [0.0, 0.0, 0.5142857142857171], [0.0, 0.0, 0.5142857142857138], [0.0, 0.0, 0.5142857142857138], [0.28571428571428553, 0.0, -0.4285714285714304]]}, {"state": "LIT", "position": [[-0.1904761904761905, 0.0, 0.5857142857142856], [-0.18095238095238098, 0.0, 0.5714285714285714], [-0.17142857142857143, 0.0, 0.5571428571428572], [-0.1619047619047619, 0.0, 0.5428571428571428], [-0.1523809523809524, 0.0, 0.5285714285714286], [-0.14285714285714288, 0.0, 0.5142857142857143], [-0.13333333333333336, 0.0, 0.5], [-0.12380952380952381, 0.0, 0.4857142857142857], [-0.1142857142857143, 0.0, 0.4714285714285714], [-0.10476190476190478, 0.0, 0.4571428571428571], [-0.09523809523809526, 0.0, 0.4428571428571429], [-0.08571428571428573, 0.0, 0.42857142857142855], [-0.0761904761904762, 0.0, 0.41428571428571426], [-0.06666666666666668, 0.0, 0.4], [-0.05714285714285716, 0.0, 0.38571428571428573], [-0.047619047619047616, 0.0, 0.37142857142857144], [-0.0380952380952381, 0.0, 0.35714285714285715], [-0.02857142857142858, 0.0, 0.3428571428571428], [-0.019047619047619063, 0.0, 0.32857142857142857], [-0.009523809523809545, 0.0, 0.3142857142857143], [0.0, 0.0, 0.3], [0.00952380952380949, 0.0, 0.28571428571428575], [0.019047619047619035, 0.0, 0.27142857142857146], [0.028571428571428553, 0.0, 0.2571428571428572], [0.0380952380952381, 0.0, 0.24285714285714285], [0.047619047619047616, 0.0, 0.22857142857142854], [0.057142857142857106, 0.0, 0.21428571428571433], [0.06666666666666665, 0.0, 0.2], [0.0761904761904762, 0.0, 0.18571428571428572], [0.08571428571428569, 0.0, 0.17142857142857149], [0.09523809523809523, 0.0, 0.15714285714285717], [0.10476190476190478, 0.0, 0.14285714285714288], [0.11428571428571427, 0.0, 0.1285714285714286], [0.12380952380952381, 0.0, 0.11428571428571427], [0.1333333333333333, 0.0, 0.10000000000000005], [0.14285714285714285, 0.0, 0.08571428571428574], [0.1523809523809524, 0.0, 0.07142857142857144], [0.16190476190476188, 0.0, 0.057142857142857204], [0.17142857142857143, 0.0, 0.042857142857142906], [0.18095238095238092, 0.0, 0.028571428571428602], [0.19047619047619047, 0.0, 0.014285714285714301], [0.2, 0.0, 0.0]], "velocity": [[0.28571428571428553, 0.0, -0.42857142857142705], [0.28571428571428636, 0.0, -0.42857142857142705], [0.28571428571428553, 0.0, -0.4285714285714304], [0.28571428571428553, 0.0, -0.42857142857142705], [0.28571428571428553, 0.0, -0.42857142857142705], [0.28571428571428553, 0.0, -0.4285714285714304], [0.28571428571428636, 0.0, -0.4285714285714287], [0.28571428571428553, 0.0, -0.4285714285714287], [0.28571428571428553, 0.0, -0.4285714285714304], [0.28571428571428553, 0.0, -0.4285714285714254], [0.285714285714286, 0.0, -0.4285714285714304], [0.285714285714286, 0.0, -0.4285714285714287], [0.28571428571428553, 0.0, -0.42857142857142705], [0.28571428571428553, 0.0, -0.4285714285714287], [0.28571428571428636, 0.0, -0.4285714285714287], [0.28571428571428553, 0.0, -0.4285714285714287], [0.28571428571428553, 0.0, -0.4285714285714304], [0.28571428571428553, 0.0, -0.42857142857142705], [0.28571428571428553, 0.0, -0.4285714285714287], [0.28571428571428636, 0.0, -0.4285714285714287], [0.2857142857142847, 0.0, -0.42857142857142705], [0.28571428571428636, 0.0, -0.4285714285714287], [0.28571428571428553, 0.0, -0.4285714285714287], [0.28571428571428636, 0.0, -0.42857142857142955], [0.28571428571428553, 0.0, -0.42857142857142955], [0.2857142857142847, 0.0, -0.4285714285714262], [0.28571428571428636, 0.0, -0.42857142857142955], [0.28571428571428636, 0.0, -0.4285714285714287], [0.2857142857142847, 0.0, -0.42857142857142705], [0.28571428571428636, 0.0, -0.42857142857142955], [0.28571428571428636, 0.0, -0.4285714285714287], [0.2857142857142847, 0.0, -0.4285714285714287], [0.28571428571428636, 0.0, -0.42857142857142955], [0.2857142857142847, 0.0, -0.42857142857142666], [0.28571428571428636, 0.0, -0.42857142857142916], [0.28571428571428636, 0.0, -0.42857142857142916], [0.2857142857142847, 0.0, -0.42857142857142705], [0.28571428571428636, 0.0, -0.42857142857142894], [0.2857142857142847, 0.0, -0.42857142857142916], [0.28571428571428636, 0.0, -0.42857142857142905], [0.28571428571428636, 0.0, -0.42857142857142905], [0.0, 0.0, 0.5142857142857142]]}, {"state": "LIT", "position": [[0.2, 0.0, 0.01714285714285714], [0.2, 0.0, 0.03428571428571428], [0.2, 0.0, 0.05142857142857143], [0.2, 0.0, 0.06857142857142856], [0.20000000000000007, 0.0, 0.0857142857142857], [0.19999999999999996, 0.0, 0.10285714285714286], [0.20000000000000007, 0.0, 0.11999999999999998], [0.2, 0.0, 0.13714285714285712], [0.2, 0.0, 0.15428571428571428], [0.2, 0.0, 0.1714285714285714], [0.2, 0.0, 0.18857142857142856], [0.2, 0.0, 0.2057142857142857], [0.2, 0.0, 0.22285714285714286], [0.2, 0.0, 0.23999999999999996], [0.2, 0.0, 0.2571428571428571], [0.2, 0.0, 0.27428571428571424], [0.2, 0.0, 0.2914285714285714], [0.2, 0.0, 0.30857142857142855], [0.2, 0.0, 0.3257142857142857], [0.2, 0.0, 0.3428571428571428], [0.2, 0.0, 0.36], [0.2, 0.0, 0.3771428571428571], [0.2, 0.0, 0.3942857142857143], [0.2, 0.0, 0.4114285714285714], [0.2, 0.0, 0.42857142857142855], [0.2, 0.0, 0.44571428571428573], [0.2, 0.0, 0.4628571428571428], [0.2, 0.0, 0.4799999999999999], [0.2, 0.0, 0.4971428571428571], [0.2, 0.0, 0.5142857142857142], [0.2, 0.0, 0.5314285714285714], [0.2, 0.0, 0.5485714285714285], [0.2, 0.0, 0.5657142857142857], [0.2, 0.0, 0.5828571428571429], [0.2, 0.0, 0.6]],