{"fps": 30, "duration": 2.6422205101855956, "start_position": [-0.2, 0.0, 0.0], "segments": [{"state": "LIT", "position": [[-0.2, 0.0, 0.03529411764705882], [-0.2, 0.0, 0.07058823529411765], [-0.2, 0.0, 0.10588235294117646], [-0.2, 0.0, 0.1411764705882353], [-0.2, 0.0, 0.17647058823529413], [-0.2, 0.0, 0.2117647058823529], [-0.2, 0.0, 0.24705882352941175], [-0.2, 0.0, 0.2823529411764706], [-0.2, 0.0, 0.3176470588235294], [-0.2, 0.0, 0.35294117647058826], [-0.2, 0.0, 0.38823529411764707], [-0.2, 0.0, 0.4235294117647058], [-0.2, 0.0, 0.45882352941176463], [-0.2, 0.0, 0.4941176470588235], [-0.2, 0.0, 0.5294117647058824], [-0.2, 0.0, 0.5647058823529412], [-0.2, 0.0, 0.6]], "velocity": [[0.0, 0.0, 1.0588235294117647], [0.0, 0.0, 1.0588235294117643], [0.0, 0.0, 1.0588235294117652], [0.0, 0.0, 1.0588235294117652], [0.0, 0.0, 1.0588235294117634], [0.0, 0.0, 1.0588235294117652], [0.0, 0.0, 1.0588235294117652], [0.0, 0.0, 1.0588235294117643], [0.0, 0.0, 1.058823529411766], [0.0, 0.0, 1.0588235294117643], [0.0, 0.0, 1.0588235294117627], [0.0, 0.0, 1.0588235294117643], [0.0, 0.0, 1.058823529411766], [0.0, 0.0, 1.058823529411766], [0.0, 0.0, 1.0588235294117643], [0.0, 0.0, 1.0588235294117643], [0.6000000000000005, 0.0, -0.9000000000000008]]}, {"state": "LIT", "position": [[-0.18, 0.0, 0.57], [-0.16, 0.0, 0.54], [-0.14, 0.0, 0.51], [-0.12, 0.0, 0.48], [-0.1, 0.0, 0.44999999999999996], [-0.07999999999999999, 0.0, 0.42], [-0.06, 0.0, 0.38999999999999996], [-0.03999999999999998, 0.0, 0.36], [-0.01999999999999999, 0.0, 0.33], [0.0, 0.0, 0.3], [0.020000000000000018, 0.0, 0.26999999999999996], [0.040000000000000036, 0.0, 0.23999999999999994], [0.06, 0.0, 0.21], [0.08000000000000002, 0.0, 0.17999999999999997], [0.10000000000000003, 0.0, 0.15], [0.12000000000000005, 0.0, 0.11999999999999997], [0.14000000000000007, 0.0, 0.08999999999999994], [0.16000000000000003, 0.0, 0.059999999999999984], [0.18000000000000005, 0.0, 0.029999999999999957], [0.2, 0.0, 0.0]], "velocity": [[0.5999999999999998, 0.0, -0.8999999999999975], [0.5999999999999998, 0.0, -0.9000000000000008], [0.6000000000000005, 0.0, -0.9000000000000008], [0.5999999999999998, 0.0, -0.9000000000000008], [0.6000000000000005, 0.0, -0.8999999999999991], [0.5999999999999998, 0.0, -0.9000000000000008], [0.6000000000000005, 0.0, -0.8999999999999991], [0.5999999999999998, 0.0, -0.8999999999999991], [0.5999999999999998, 0.0, -0.9000000000000008], [0.6000000000000005, 0.0, -0.9000000000000008], [0.6000000000000005, 0.0, -0.9000000000000008], [0.5999999999999989, 0.0, -0.8999999999999984], [0.6000000000000005, 0.0, -0.9000000000000008], [0.6000000000000005, 0.0, -0.8999999999999991], [0.6000000000000005, 0.0, -0.9000000000000008], [0.6000000000000005, 0.0, -0.9000000000000008], [0.5999999999999989, 0.0, -0.8999999999999987], [0.6000000000000005, 0.0, -0.9000000000000008], [0.5999999999999989, 0.0, -0.8999999999999987], [0.0, 0.0, 1.0588235294117647]]}, {"state": "LIT", "position": [[0.2, 0.0, 0.03529411764705882], [0.2, 0.0, 0.07058823529411765], [0.2, 0.0, 0.10588235294117646], [0.2, 0.0, 0.1411764705882353], [0.2, 0.0, 0.17647058823529413], [0.2, 0.0, 0.2117647058823529], [0.2, 0.0, 0.24705882352941175], [0.2, 0.0, 0.2823529411764706], [0.2, 0.0, 0.3176470588235294], [0.2, 0.0, 0.35294117647058826], [0.2, 0.0, 0.38823529411764707], [0.2, 0.0, 0.4235294117647058], [0.2, 0.0, 0.45882352941176463], [0.2, 0.0, 0.4941176470588235], [0.2, 0.0, 0.5294117647058824], [0.2, 0.0, 0.5647058823529412], [0.2, 0.0, 0.6]], "velocity": [[0.0, 0.0, 1.0588235294117647], [0.0, 0.0, 1.0588235294117643], [0.0, 0.0, 1.0588235294117652], [0.0, 0.0, 1.0588235294117652], [0.0, 0.0, 1.0588235294117634], [0.0, 0.0, 1.0588235294117652], [0.0, 0.0, 1.0588235294117652], [0.0, 0.0, 1.0588235294117643], [0.0, 0.0, 1.058823529411766], [0.0, 0.0, 1.0588235294117643], [0.0, 0.0, 1.0588235294117627], [0.0, 0.0, 1.0588235294117643], [0.0, 0.0, 1.058823529411766], [0.0, 0.0, 1.058823529411766], [0.0, 0.0, 1.0588235294117643], [0.0, 0.0, 1.0588235294117643], [-0.6000000000000005, 0.0, -0.9000000000000008]]}, {"state": "RETURN", "position": [[0.18, 0.0, 0.57], [0.16000000000000003, 0.0, 0.54], [0.14, 0.0, 0.51], [0.12000000000000005, 0.0, 0.48], [0.10000000000000003, 0.0, 0.44999999999999996], [0.07999999999999996, 0.0, 0.42], [0.05999999999999994, 0.0, 0.38999999999999996], [0.03999999999999998, 0.0, 0.36], [0.020000000000000018, 0.0, 0.33], [0.0, 0.0, 0.3], [-0.020000000000000018, 0.0, 0.26999999999999996], [-0.040000000000000036, 0.0, 0.23999999999999994], [-0.060000000000000026, 0.0, 0.21], [-0.08000000000000003, 0.0, 0.17999999999999997], [-0.1, 0.0, 0.15], [-0.12000000000000002, 0.0, 0.11999999999999997], [-0.14000000000000004, 0.0, 0.08999999999999994], [-0.16000000000000003, 0.0, 0.059999999999999984], [-0.18000000000000005, 0.0, 0.029999999999999957], [-0.2, 0.0, 0.0]], "velocity": [[-0.5999999999999989, 0.0, -0.8999999999999975], [-0.6000000000000005, 0.0, -0.9000000000000008], [-0.5999999999999989, 0.0, -0.9000000000000008], [-0.6000000000000005, 0.0, -0.9000000000000008], [-0.6000000000000022, 0.0, -0.8999999999999991], [-0.6000000000000005, 0.0, -0.9000000000000008], [-0.5999999999999989, 0.0, -0.8999999999999991], [-0.5999999999999989, 0.0, -0.8999999999999991], [-0.6000000000000005, 0.0, -0.9000000000000008], [-0.6000000000000005, 0.0, -0.9000000000000008], [-0.6000000000000005, 0.0, -0.9000000000000008], [-0.5999999999999998, 0.0, -0.8999999999999984], [-0.6000000000000001, 0.0, -0.9000000000000008], [-0.5999999999999993, 0.0, -0.8999999999999991], [-0.6000000000000005, 0.0, -0.9000000000000008], [-0.6000000000000005, 0.0, -0.9000000000000008], [-0.5999999999999998, 0.0, -0.8999999999999987], [-0.6000000000000005, 0.0, -0.9000000000000008], [-0.5999999999999989, 0.0, -0.8999999999999987], [0.0, 0.0, 1.0588235294117647]]}]}