{"fps": 30, "duration": 1.3211102550927978, "start_position": [-0.2, 0.0, 0.0], "segments": [{"state": "LIT", "position": [[-0.2, 0.0, 0.075], [-0.2, 0.0, 0.15], [-0.2, 0.0, 0.22499999999999998], [-0.2, 0.0, 0.3], [-0.2, 0.0, 0.375], [-0.2, 0.0, 0.44999999999999996], [-0.2, 0.0, 0.525], [-0.2, 0.0, 0.6]], "velocity": [[0.0, 0.0, 2.25], [0.0, 0.0, 2.2499999999999996], [0.0, 0.0, 2.2500000000000004], [0.0, 0.0, 2.2500000000000004], [0.0, 0.0, 2.2499999999999987], [0.0, 0.0, 2.250000000000002], [0.0, 0.0, 2.2499999999999987], [1.3333333333333337, 0.0, -1.9999999999999996]]}, {"state": "LIT", "position": [[-0.15555555555555556, 0.0, 0.5333333333333333], [-0.11111111111111112, 0.0, 0.4666666666666667], [-0.06666666666666668, 0.0, 0.4], [-0.022222222222222227, 0.0, 0.3333333333333333], [0.022222222222222227, 0.0, 0.26666666666666666], [0.06666666666666665, 0.0, 0.2], [0.1111111111111111, 0.0, 0.1333333333333334], [0.15555555555555556, 0.0, 0.0666666666666667], [0.2, 0.0, 0.0]], "velocity": [[1.3333333333333333, 0.0, -1.9999999999999996], [1.3333333333333333, 0.0, -1.9999999999999996], [1.3333333333333337, 0.0, -2.0000000000000013], [1.3333333333333337, 0.0, -1.9999999999999996], [1.3333333333333328, 0.0, -1.9999999999999996], [1.3333333333333337, 0.0, -1.9999999999999987], [1.3333333333333337, 0.0, -2.000000000000001], [1.3333333333333337, 0.0, -2.000000000000001], [0.0, 0.0, 2.25]]}, {"state": "LIT", "position": [[0.2, 0.0, 0.075], [0.2, 0.0, 0.15], [0.2, 0.0, 0.22499999999999998], [0.2, 0.0, 0.3], [0.2, 0.0, 0.375], [0.2, 0.0, 0.44999999999999996], [0.2, 0.0, 0.525], [0.2, 0.0, 0.6]], "velocity": [[0.0, 0.0, 2.25], [0.0, 0.0, 2.2499999999999996], [0.0, 0.0, 2.2500000000000004], [0.0, 0.0, 2.2500000000000004], [0.0, 0.0, 2.2499999999999987], [0.0, 0.0, 2.250000000000002], [0.0, 0.0, 2.2499999999999987], [-1.3333333333333337, 0.0, -1.9999999999999996]]}, {"state": "RETURN", "position": [[0.15555555555555556, 0.0, 0.5333333333333333], [0.1111111111111111, 0.0, 0.4666666666666667], [0.06666666666666671, 0.0, 0.4], [0.022222222222222227, 0.0, 0.3333333333333333], [-0.022222222222222227, 0.0, 0.26666666666666666], [-0.06666666666666665, 0.0, 0.2], [-0.11111111111111108, 0.0, 0.1333333333333334], [-0.15555555555555556, 0.0, 0.0666666666666667], [-0.2, 0.0, 0.0]], "velocity": [[-1.3333333333333337, 0.0, -1.9999999999999996], [-1.333333333333332, 0.0, -1.9999999999999996], [-1.3333333333333344, 0.0, -2.0000000000000013], [-1.3333333333333337, 0.0, -1.9999999999999996], [-1.3333333333333328, 0.0, -1.9999999999999996], [-1.3333333333333328, 0.0, -1.9999999999999987], [-1.3333333333333344, 0.0, -2.000000000000001], [-1.3333333333333337, 0.0, -2.000000000000001], [0.0, 0.0, 2.25]]}]}