{"fps": 30, "duration": 3.264229651234358, "start_position": [0.0, 0.0, 0.6000000000000001], "segments": [{"state": "LIT", "position": [[0.021179168108495128, 0.0, 0.5980070131851244], [0.040805771948670244, 0.0, 0.5946600673047443], [0.05893920267835773, 0.0, 0.5900192040513682], [0.07563885145538968, 0.0, 0.584144465117504], [0.09096410943759825, 0.0, 0.5770958921956593], [0.10497436778281599, 0.0, 0.5689335269783424], [0.11772901764887478, 0.0, 0.5597174111580616], [0.12928745019360693, 0.0, 0.5495075864273243], [0.13970905657484473, 0.0, 0.5383640944786386], [0.14905322795042042, 0.0, 0.526346977004513], [0.15737935547816617, 0.0, 0.5135162756974551], [0.1647468303159142, 0.0, 0.4999320322499727], [0.1712150436214967, 0.0, 0.4856542883545741], [0.17684338655274606, 0.0, 0.4707430857037672], [0.18169125026749433, 0.0, 0.45525846599006], [0.18581802592357388, 0.0, 0.43926047090596065], [0.18928310467881676, 0.0, 0.42280914214397675], [0.1921458776910553, 0.0, 0.4059645213966166], [0.1944657361181218, 0.0, 0.3887866503563881], [0.19630207111784836, 0.0, 0.3713355707157993], [0.19771427384806717, 0.0, 0.353671324167358], [0.19876173546661063, 0.0, 0.33585395240357246], [0.1995038471313108, 0.0, 0.3179434971169505], [0.2, 0.0, 0.30000000000000016], [0.20028571571314124, 0.0, 0.2820815591974158], [0.20030103784172065, 0.0, 0.2642384986626367], [0.19996214043935534, 0.0, 0.24651919880128909], [0.19918519755966224, 0.0, 0.22897204001899873], [0.19788638325625824, 0.0, 0.2116454027213914], [0.19598187158276054, 0.0, 0.194587667314093], [0.19338783659278597, 0.0, 0.17784721420272953], [0.19002045233995146, 0.0, 0.16147242379292662], [0.18579589287787424, 0.0, 0.14551167649031035], [0.18063033226017117, 0.0, 0.13001335270050662], [0.17443994454045925, 0.0, 0.11502583282914108], [0.16714090377235546, 0.0, 0.10059749728183975], [0.1586493840094768, 0.0, 0.08677672646422854], [0.14888160490556146, 0.0, 0.07361191456567213], [0.13780290425358804, 0.0, 0.061166302920456835], [0.1255212162841675, 0.0, 0.04954623608313622], [0.11217020625479385, 0.0, 0.03886583643313706], [0.0978835394229613, 0.0, 0.02923922634988625], [0.082794881046164, 0.0, 0.020780528212810668], [0.06703789638189606, 0.0, 0.013603864401337078], [0.05074625068765143, 0.0, 0.00782335729489237], [0.03405360922092457, 0.0, 0.0035531292729034138], [0.01709363723920937, 0.0, 0.0009073027147969913], [0.0, 0.0, -4.2739019490073784e-18], [-0.01709363723920923, 0.0, 0.0009073027147969711], [-0.03405360922092435, 0.0, 0.0035531292729033457], [-0.050746250687651345, 0.0, 0.007823357294892332], [-0.06703789638189586, 0.0, 0.013603864401336992], [-0.08279488104616378, 0.0, 0.02078052821281052], [-0.09788353942296121, 0.0, 0.029239226349886176], [-0.1121702062547937, 0.0, 0.03886583643313692], [-0.12552121628416726, 0.0, 0.04954623608313601], [-0.13780290425358788, 0.0, 0.06116630292045672], [-0.14888160490556118, 0.0, 0.07361191456567195], [-0.1586493840094765, 0.0, 0.08677672646422827], [-0.16714090377235527, 0.0, 0.1005974972818396], [-0.17443994454045905, 0.0, 0.11502583282914083], [-0.180630332260171, 0.0, 0.13001335270050626], [-0.18579589287787415, 0.0, 0.1455116764903102], [-0.19002045233995138, 0.0, 0.1614724237929264], [-0.1933878365927858, 0.0, 0.17784721420272914], [-0.19598187158276043, 0.0, 0.19458766731409277], [-0.19788638325625818, 0.0, 0.2116454027213911], [-0.19918519755966213, 0.0, 0.22897204001899835], [-0.1999621404393553, 0.0, 0.2465191988012889], [-0.20030103784172065, 0.0, 0.2642384986626365], [-0.20028571571314122, 0.0, 0.28208155919741534], [-0.2, 0.0, 0.3], [-0.1995038471313108, 0.0, 0.31794349711695025], [-0.19876173546661063, 0.0, 0.3358539524035722], [-0.19771427384806722, 0.0, 0.3536713241673579], [-0.19630207111784836, 0.0, 0.37133557071579903], [-0.19446573611812182, 0.0, 0.38878665035638793], [-0.19214587769105537, 0.0, 0.4059645213966166], [-0.18928310467881682, 0.0, 0.4228091421439767], [-0.1858180259235739, 0.0, 0.43926047090596043], [-0.18169125026749441, 0.0, 0.45525846599006004], [-0.17684338655274615, 0.0, 0.4707430857037672], [-0.17121504362149687, 0.0, 0.4856542883545741], [-0.16474683031591425, 0.0, 0.4999320322499728], [-0.15737935547816623, 0.0, 0.513516275697455], [-0.14905322795042053, 0.0, 0.5263469770045129], [-0.1397090565748448, 0.0, 0.5383640944786388], [-0.12928745019360702, 0.0, 0.5495075864273242], [-0.11772901764887488, 0.0, 0.5597174111580615], [-0.104974367782816, 0.0, 0.5689335269783427], [-0.09096410943759844, 0.0, 0.5770958921956593], [-0.07563885145538983, 0.0, 0.5841444651175038], [-0.058939202678357755, 0.0, 0.5900192040513682], [-0.04080577194867038, 0.0, 0.5946600673047443], [-0.021179168108495267, 0.0, 0.5980070131851243], [0.0, 0.0, 0.6]],