{"fps": 30, "duration": 1.6310651487339218, "start_position": [0.0, 0.0, 0.6000000000000001], "segments": [{"state": "LIT", "position": [[0.0416074045887542, 0.0, 0.5944885173663538], [0.07699579969663406, 0.0, 0.5835894403704588], [0.1066712918262051, 0.0, 0.567814419098161], [0.13113998748003258, 0.0, 0.5476751036353057], [0.1509079931606822, 0.0, 0.5236831440677386], [0.1664814153707191, 0.0, 0.49635019048130535], [0.17836636061270889, 0.0, 0.46618789296185154], [0.18706893538921704, 0.0, 0.4337079015952229], [0.1930952462028087, 0.0, 0.39942186646726485], [0.1969513995560498, 0.0, 0.3638414376638232], [0.19914350195150543, 0.0, 0.3274782652707434], [0.2001744816729638, 0.0, 0.29084374059108725], [0.20016270253216428, 0.0, 0.25441794221106034], [0.1984796469281888, 0.0, 0.21862013476264386], [0.19441098535313345, 0.0, 0.1838625957426525], [0.1872423882990944, 0.0, 0.15055760264790138], [0.17625952625816732, 0.0, 0.11911743297520522], [0.16074806972244832, 0.0, 0.08995436422137885], [0.14002159102081818, 0.0, 0.06348910788787841], [0.11422119809950326, 0.0, 0.04039251812057516], [0.08443416803237158, 0.0, 0.02162145155597846], [0.0517995400039421, 0.0, 0.008148411179790671], [0.017456353198733843, 0.0, 0.0009458999777143484], [-0.01745635319873376, 0.0, 0.0009458999777143256], [-0.05179954000394199, 0.0, 0.008148411179790632], [-0.08443416803237154, 0.0, 0.021621451555978395], [-0.11422119809950311, 0.0, 0.04039251812057501], [-0.1400215910208179, 0.0, 0.06348910788787822], [-0.16074806972244818, 0.0, 0.08995436422137872], [-0.17625952625816715, 0.0, 0.11911743297520505], [-0.18724238829909418, 0.0, 0.1505576026479011], [-0.19441098535313342, 0.0, 0.18386259574265232], [-0.19847964692818876, 0.0, 0.21862013476264366], [-0.20016270253216423, 0.0, 0.25441794221106007], [-0.20017448167296384, 0.0, 0.29084374059108703], [-0.19914350195150546, 0.0, 0.3274782652707433], [-0.19695139955604984, 0.0, 0.36384143766382315], [-0.19309524620280885, 0.0, 0.3994218664672648], [-0.18706893538921704, 0.0, 0.4337079015952229], [-0.17836636061270894, 0.0, 0.4661878929618516], [-0.1664814153707192, 0.0, 0.4963501904813053], [-0.15090799316068224, 0.0, 0.5236831440677386], [-0.1311399874800327, 0.0, 0.5476751036353058], [-0.10667129182620513, 0.0, 0.567814419098161], [-0.07699579969663423, 0.0, 0.5835894403704589], [-0.04160740458875431, 0.0, 0.5944885173663538], [0.0, 0.0, 0.6]], "velocity": [[1.0616518532363959, 0.0, -0.32697230987684955], [0.8902647638871314, 0.0, -0.47325063816893387], [0.7340608696148243, 0.0, -0.604179463885659], [0.5930401704194888, 0.0, -0.7197587870270117], [0.4672026663011064, 0.0, -0.8199886075929985], [0.3565483572596939, 0.0, -0.9048689255836145], [0.2610772432952446, 0.0, -0.9743997409988597], [0.1807893244077502, 0.0, -1.0285810538387408], [0.11568460059723229, 0.0, -1.0674128641032494], [0.06576307186366925, 0.0, -1.0908951717923938], [0.030929391643751414, 0.0, -1.099035740389685], [-0.0003533742239858473, 0.0, -1.0927739514008072], [-0.05049166811926409, 0.0, -1.0739342234524947], [-0.12205984725166097, 0.0, -1.0427261705997404], [-0.2150579116211715, 0.0, -0.9991497928425339], [-0.3294858612278123, 0.0, -0.943205090180885], [-0.4653436960715701, 0.0, -0.8748920626147909], [-0.6217943610489041, 0.0, -0.7939576900050133], [-0.7740117876394476, 0.0, -0.6928976930190975], [-0.8936109020139504, 0.0, -0.5631319969379011], [-0.9790388408528844, 0.0, -0.4041912112856337], [-1.0302956041562479, 0.0, -0.21607533606228968], [-1.0473811919240281, 0.0, -6.862999751833243e-16], [-1.030295604156247, 0.0, 0.21607533606228918], [-0.9790388408528865, 0.0, 0.4041912112856329], [-0.8936109020139471, 0.0, 0.5631319969378985], [-0.7740117876394438, 0.0, 0.6928976930190962], [-0.6217943610489083, 0.0, 0.7939576900050149], [-0.4653436960715693, 0.0, 0.87489206261479], [-0.32948586122781065, 0.0, 0.9432050901808817], [-0.21505791162117732, 0.0, 0.9991497928425364], [-0.12205984725166014, 0.0, 1.0427261705997404], [-0.05049166811926409, 0.0, 1.073934223452492], [-0.0003533742239883453, 0.0, 1.092773951400809], [0.030929391643751414, 0.0, 1.0990357403896884], [0.06576307186366842, 0.0, 1.0908951717923954], [0.11568460059722979, 0.0, 1.0674128641032494], [0.18078932440775436, 0.0, 1.0285810538387425], [0.26107724329524296, 0.0, 0.9743997409988614], [0.35654835725969225, 0.0, 0.9048689255836112], [0.4672026663011089, 0.0, 0.8199886075930002], [0.5930401704194863, 0.0, 0.719758787027015], [0.7340608696148269, 0.0, 0.6041794638856557], [0.8902647638871273, 0.0, 0.4732506381689372], [1.0616518532363974, 0.0, 0.3269723098768462], [1.2482221376626292, 0.0, 0.1653444790093861], [1.248222137662626, 0.0, -0.1653444790093861]]}]}