{"fps": 60, "duration": 0.8155325743669609, "start_position": [0.0, 0.0, 0.6000000000000001], "segments": [{"state": "LIT", "position": [[0.0416074045887542, 0.0, 0.5944885173663538], [0.07699579969663406, 0.0, 0.5835894403704588], [0.1066712918262051, 0.0, 0.567814419098161], [0.13113998748003258, 0.0, 0.5476751036353057], [0.1509079931606822, 0.0, 0.5236831440677386], [0.1664814153707191, 0.0, 0.49635019048130535], [0.17836636061270889, 0.0, 0.46618789296185154], [0.18706893538921704, 0.0, 0.4337079015952229], [0.1930952462028087, 0.0, 0.39942186646726485], [0.1969513995560498, 0.0, 0.3638414376638232], [0.19914350195150543, 0.0, 0.3274782652707434], [0.2001744816729638, 0.0, 0.29084374059108725], [0.20016270253216428, 0.0, 0.25441794221106034], [0.1984796469281888, 0.0, 0.21862013476264386], [0.19441098535313345, 0.0, 0.1838625957426525], [0.1872423882990944, 0.0, 0.15055760264790138], [0.17625952625816732, 0.0, 0.11911743297520522], [0.16074806972244832, 0.0, 0.08995436422137885], [0.14002159102081818, 0.0, 0.06348910788787841], [0.11422119809950326, 0.0, 0.04039251812057516], [0.08443416803237158, 0.0, 0.02162145155597846], [0.0517995400039421, 0.0, 0.008148411179790671], [0.017456353198733843, 0.0, 0.0009458999777143484], [-0.01745635319873376, 0.0, 0.0009458999777143256], [-0.05179954000394199, 0.0, 0.008148411179790632], [-0.08443416803237154, 0.0, 0.021621451555978395], [-0.11422119809950311, 0.0, 0.04039251812057501], [-0.1400215910208179, 0.0, 0.06348910788787822], [-0.16074806972244818, 0.0, 0.08995436422137872], [-0.17625952625816715, 0.0, 0.11911743297520505], [-0.18724238829909418, 0.0, 0.1505576026479011], [-0.19441098535313342, 0.0, 0.18386259574265232], [-0.19847964692818876, 0.0, 0.21862013476264366], [-0.20016270253216423, 0.0, 0.25441794221106007], [-0.20017448167296384, 0.0, 0.29084374059108703], [-0.19914350195150546, 0.0, 0.3274782652707433], [-0.19695139955604984, 0.0, 0.36384143766382315], [-0.19309524620280885, 0.0, 0.3994218664672648], [-0.18706893538921704, 0.0, 0.4337079015952229], [-0.17836636061270894, 0.0, 0.4661878929618516], [-0.1664814153707192, 0.0, 0.4963501904813053], [-0.15090799316068224, 0.0, 0.5236831440677386], [-0.1311399874800327, 0.0, 0.5476751036353058], [-0.10667129182620513, 0.0, 0.567814419098161], [-0.07699579969663423, 0.0, 0.5835894403704589], [-0.04160740458875431, 0.0, 0.5944885173663538], [0.0, 0.0, 0.6]], "velocity": [[2.1233037064727918, 0.0, -0.6539446197536991], [1.7805295277742628, 0.0, -0.9465012763378677], [1.4681217392296486, 0.0, -1.208358927771318], [1.1860803408389775, 0.0, -1.4395175740540234], [0.9344053326022128, 0.0, -1.639977215185997], [0.7130967145193878, 0.0, -1.809737851167229], [0.5221544865904892, 0.0, -1.9487994819977195], [0.3615786488155004, 0.0, -2.0571621076774815], [0.23136920119446458, 0.0, -2.134825728206499], [0.1315261437273385, 0.0, -2.1817903435847876], [0.06185878328750283, 0.0, -2.19807148077937], [-0.0007067484479716946, 0.0, -2.1855479028016145], [-0.10098333623852818, 0.0, -2.1478684469049893], [-0.24411969450332194, 0.0, -2.0854523411994808], [-0.430115823242343, 0.0, -1.9982995856850678], [-0.6589717224556246, 0.0, -1.88641018036177], [-0.9306873921431402, 0.0, -1.7497841252295818], [-1.2435887220978081, 0.0, -1.5879153800100265], [-1.5480235752788951, 0.0, -1.385795386038195], [-1.7872218040279009, 0.0, -1.1262639938758021], [-1.9580776817057688, 0.0, -0.8083824225712674], [-2.0605912083124958, 0.0, -0.43215067212457936], [-2.0947623838480562, 0.0, -1.3725999503666486e-15], [-2.060591208312494, 0.0, 0.43215067212457836], [-1.958077681705773, 0.0, 0.8083824225712658], [-1.7872218040278942, 0.0, 1.126263993875797], [-1.5480235752788876, 0.0, 1.3857953860381924], [-1.2435887220978166, 0.0, 1.5879153800100299], [-0.9306873921431386, 0.0, 1.74978412522958], [-0.6589717224556213, 0.0, 1.8864101803617634], [-0.43011582324235464, 0.0, 1.9982995856850727], [-0.24411969450332027, 0.0, 2.0854523411994808], [-0.10098333623852818, 0.0, 2.147868446904984], [-0.0007067484479766906, 0.0, 2.185547902801618], [0.06185878328750283, 0.0, 2.198071480779377], [0.13152614372733684, 0.0, 2.1817903435847907], [0.23136920119445958, 0.0, 2.134825728206499], [0.3615786488155087, 0.0, 2.057162107677485], [0.5221544865904859, 0.0, 1.9487994819977228], [0.7130967145193845, 0.0, 1.8097378511672224], [0.9344053326022178, 0.0, 1.6399772151860004], [1.1860803408389726, 0.0, 1.43951757405403], [1.4681217392296537, 0.0, 1.2083589277713114], [1.7805295277742546, 0.0, 0.9465012763378744], [2.123303706472795, 0.0, 0.6539446197536924], [2.4964442753252585, 0.0, 0.3306889580187722], [2.496444275325252, 0.0, -0.3306889580187722]]}]}