{"fps": 30, "duration": 1.9725198486261888, "start_position": [0.15000000000000002, 0.0, 0.4800000000000001], "segments": [{"state": "LIT", "position": [[0.13503352154088782, 0.0, 0.511596364091441], [0.11462018610538494, 0.0, 0.5389355322081093], [0.08967053929934876, 0.0, 0.5617365199953234], [0.061095126728636706, 0.0, 0.5797183430984018], [0.029804493999106146, 0.0, 0.5926000171626635], [-0.0032908132833853188, 0.0, 0.6001005578334272], [-0.03728024951298034, 0.0, 0.6019389807560115], [-0.07125326908382143, 0.0, 0.5978343015757348], [-0.1042993263900512, 0.0, 0.5875055359379162], [-0.13539467821142792, 0.0, 0.5707973438282637], [-0.1627368059763163, 0.0, 0.5484187913939558], [-0.18419555113811759, 0.0, 0.5214426106488355], [-0.1976396167735396, 0.0, 0.49094279715447736], [-0.20112072376138018, 0.0, 0.4580431056453303], [-0.1948609964166515, 0.0, 0.4244573836148959], [-0.18050342453157692, 0.0, 0.3922857857361142], [-0.15971562218036414, 0.0, 0.36363516157111214], [-0.1341639663669777, 0.0, 0.34060554344509486], [-0.10529874584716603, 0.0, 0.3241061462723726], [-0.07410904117088674, 0.0, 0.31250456243091684], [-0.041524646000726806, 0.0, 0.30384166658822115], [-0.008475353999273239, 0.0, 0.2961583334117788], [0.024109041170886636, 0.0, 0.2874954375690831], [0.0552987458471661, 0.0, 0.2758938537276275], [0.0841639663669777, 0.0, 0.2593944565549051], [0.10971562218036413, 0.0, 0.23636483842888795], [0.13050342453157693, 0.0, 0.20771421426388578], [0.1448609964166514, 0.0, 0.17554261638510388], [0.15112072376138003, 0.0, 0.14195689435466943], [0.14763961677353954, 0.0, 0.10905720284552252], [0.1341955511381176, 0.0, 0.07855738935116445], [0.11273680597631619, 0.0, 0.05158120860604416], [0.08539467821142788, 0.0, 0.029202656171736063], [0.054299326390051195, 0.0, 0.012494464062083696], [0.02125326908382144, 0.0, 0.0021656984242651124], [-0.012719750487019621, 0.0, -0.0019389807560114209], [-0.04670918671661478, 0.0, -0.00010055783342724771], [-0.07980449399910634, 0.0, 0.007399982837336356], [-0.11109512672863679, 0.0, 0.020281656901598027], [-0.13967053929934892, 0.0, 0.03826348000467657], [-0.16462018610538517, 0.0, 0.061064467791890634], [-0.18503352154088795, 0.0, 0.08840363590855879], [-0.2, 0.0, 0.12]], "velocity": [[-0.6124000630650867, 0.0, 0.8201750435000477], [-0.7484894041810852, 0.0, 0.684029633616422], [-0.8572623771213617, 0.0, 0.5394546930923516], [-0.9387189818859168, 0.0, 0.38645022192785317], [-0.992859218474744, 0.0, 0.22501622012291], [-1.0196830868878506, 0.0, 0.05515268767752879], [-1.0191905871252327, 0.0, -0.12314037540830047], [-0.991381719186893, 0.0, -0.3098629691345578], [-0.9328605546413017, 0.0, -0.5012457632895739], [-0.8202638329466511, 0.0, -0.6713565730292392], [-0.6437623548540389, 0.0, -0.8092854223536095], [-0.40332196906266077, 0.0, -0.9149944048307429], [-0.10443320963521713, 0.0, -0.986990745274412], [0.18779182034186048, 0.0, -1.0075716609130325], [0.4307271565522375, 0.0, -0.9651479363634496], [0.6236340705363833, 0.0, -0.8595187249500624], [0.7665496744015935, 0.0, -0.6908885437805184], [0.8659566155943499, 0.0, -0.49498191518166756], [0.9356911402883789, 0.0, -0.34804751524367294], [0.9775318551047979, 0.0, -0.25988687528087084], [0.991478760043607, 0.0, -0.23049999529327125], [0.9775318551047962, 0.0, -0.25988687528087084], [0.9356911402883838, 0.0, -0.34804751524366795], [0.8659566155943482, 0.0, -0.4949819151816709], [0.7665496744015926, 0.0, -0.6908885437805151], [0.6236340705363841, 0.0, -0.859518724950065], [0.43072715655223415, 0.0, -0.9651479363634572], [0.18779182034185882, 0.0, -1.0075716609130334], [-0.10443320963521463, 0.0, -0.9869907452744074], [-0.40332196906265827, 0.0, -0.9149944048307421], [-0.6437623548540422, 0.0, -0.8092854223536087], [-0.8202638329466494, 0.0, -0.671356573029243], [-0.9328605546413005, 0.0, -0.501245763289571], [-0.9913817191868927, 0.0, -0.30986296913455746], [-1.0191905871252318, 0.0, -0.123140375408296], [-1.0196830868878548, 0.0, 0.0551526876775252], [-0.9928592184747469, 0.0, 0.22501622012290812], [-0.9387189818859135, 0.0, 0.38645022192785017], [-0.8572623771213638, 0.0, 0.5394546930923562], [-0.7484894041810878, 0.0, 0.684029633616422], [-0.6124000630650833, 0.0, 0.8201750435000448], [-0.4489943537733618, 0.0, 0.9478909227432362], [0.7499999999999999, 0.0, 0.7714285714285716]]}, {"state": "RETURN", "position": [[-0.17500000000000002, 0.0, 0.1457142857142857], [-0.15000000000000002, 0.0, 0.17142857142857143], [-0.125, 0.0, 0.19714285714285712], [-0.10000000000000002, 0.0, 0.22285714285714284], [-0.07500000000000004, 0.0, 0.24857142857142855], [-0.05000000000000002, 0.0, 0.27428571428571424], [-0.025000000000000022, 0.0, 0.3], [-2.7755575615628914e-17, 0.0, 0.3257142857142857], [0.02499999999999994, 0.0, 0.3514285714285714], [0.04999999999999993, 0.0, 0.3771428571428571], [0.07499999999999996, 0.0, 0.4028571428571428], [0.09999999999999998, 0.0, 0.4285714285714285], [0.12499999999999994, 0.0, 0.45428571428571424], [0.14999999999999997, 0.0, 0.48]], "velocity": [[0.7499999999999999, 0.0, 0.7714285714285716], [0.7500000000000007, 0.0, 0.7714285714285707], [0.7499999999999994, 0.0, 0.7714285714285716], [0.7499999999999994, 0.0, 0.7714285714285716], [0.7500000000000007, 0.0, 0.7714285714285707], [0.7499999999999999, 0.0, 0.7714285714285724], [0.7499999999999999, 0.0, 0.7714285714285707], [0.749999999999999, 0.0, 0.7714285714285724], [0.7499999999999999, 0.0, 0.7714285714285707], [0.7500000000000007, 0.0, 0.7714285714285707], [0.7500000000000007, 0.0, 0.7714285714285707], [0.749999999999999, 0.0, 0.7714285714285724], [0.7500000000000007, 0.0, 0.7714285714285724], [-0.4489943537733643, 0.0, 0.947890922743232]]}]}