{"fps": 30, "duration": 3.948791712970054, "start_position": [0.15000000000000002, 0.0, 0.4800000000000001], "segments": [{"state": "LIT", "position": [[0.14334066177851312, 0.0, 0.4961310464581311], [0.13523823810091856, 0.0, 0.511256834697347], [0.12580266734180973, 0.0, 0.5253434389449665], [0.11514388787578006, 0.0, 0.538356933428309], [0.10337183807742312, 0.0, 0.5502633923746936], [0.09059645632133217, 0.0, 0.5610288900114395], [0.07692768098210084, 0.0, 0.5706195005658657], [0.062475450434322455, 0.0, 0.5790012982652918], [0.047349703052590564, 0.0, 0.5861403573370366], [0.03166037721149845, 0.0, 0.5920027520084192], [0.015517411285639687, 0.0, 0.596554556506759], [-0.0009692563503923002, 0.0, 0.599761845059375], [-0.017689687322004072, 0.0, 0.6015906918935866], [-0.03453394325460224, 0.0, 0.6020071712367127], [-0.05139208577359325, 0.0, 0.6009773573160727], [-0.06815417650438371, 0.0, 0.5984673243589856], [-0.08471027707238017, 0.0, 0.5944431465927706], [-0.10095044910298924, 0.0, 0.5888708982447469], [-0.11676278044642453, 0.0, 0.5817188443453132], [-0.1319711919094418, 0.0, 0.5730264725022508], [-0.14632286607802428, 0.0, 0.5629184463509814], [-0.15956047227261527, 0.0, 0.5515244390518613], [-0.1714266798136579, 0.0, 0.5389741237652468], [-0.18166415802159536, 0.0, 0.5253971736514943], [-0.19001557621687085, 0.0, 0.5109232618709598], [-0.1962236037199276, 0.0, 0.49568206158399974], [-0.20003090998940745, 0.0, 0.4798032459885439], [-0.20125943801256846, 0.0, 0.46343804129632643], [-0.20003684762467003, 0.0, 0.4468207925048863], [-0.19656448489732914, 0.0, 0.43020587854360753], [-0.1910436959021629, 0.0, 0.41384767834187386], [-0.1836758267107883, 0.0, 0.3980005708290691], [-0.17466222339482243, 0.0, 0.38291893493457696], [-0.16420423202588225, 0.0, 0.3688571495877815], [-0.1525031986755848, 0.0, 0.3560695937180663], [-0.13976046932660413, 0.0, 0.34481064576466836], [-0.1261617192991854, 0.0, 0.3352483264041306], [-0.1118332638934258, 0.0, 0.32722353558298506], [-0.0968873654752241, 0.0, 0.3204997304490177], [-0.0814362864104788, 0.0, 0.3148403681500141], [-0.06559228906508849, 0.0, 0.3100089058337603], [-0.0494676358049517, 0.0, 0.305768800648042], [-0.03317458899596698, 0.0, 0.3018835097406449], [-0.01682541100403301, 0.0, 0.298116490259355], [-0.0005323641950483182, 0.0, 0.294231199351958], [0.015592289065088388, 0.0, 0.2899910941662395], [0.03143628641047874, 0.0, 0.2851596318499858], [0.046887365475224096, 0.0, 0.27950026955098234], [0.061833263893425805, 0.0, 0.272776464417015], [0.0761617192991853, 0.0, 0.26475167359586943], [0.08976046932660409, 0.0, 0.25518935423533173], [0.10250319867558477, 0.0, 0.24393040628193385], [0.11420423202588226, 0.0, 0.23114285041221852], [0.12466222339482236, 0.0, 0.21708106506542293], [0.13367582671078826, 0.0, 0.20199942917093083], [0.14104369590216287, 0.0, 0.18615232165812604], [0.1465644848973291, 0.0, 0.16979412145639236], [0.1500368476246699, 0.0, 0.15317920749511357], [0.15125943801256836, 0.0, 0.1365619587036735], [0.15003090998940732, 0.0, 0.12019675401145588], [0.1462236037199275, 0.0, 0.10431793841600012], [0.14001557621687077, 0.0, 0.08907673812904006], [0.13166415802159526, 0.0, 0.07460282634850558], [0.12142667981365779, 0.0, 0.06102587623475299], [0.10956047227261523, 0.0, 0.04847556094813856], [0.09632286607802432, 0.0, 0.03708155364901852], [0.0819711919094418, 0.0, 0.026973527497749186], [0.06676278044642464, 0.0, 0.01828115565468678], [0.050950449102989126, 0.0, 0.011129101755252979], [0.034710277072380114, 0.0, 0.0055568534072292924], [0.018154176504383668, 0.0, 0.0015326756410143083], [0.0013920857735932046, 0.0, -0.0009773573160727965], [-0.01546605674539786, 0.0, -0.0020071712367128597], [-0.03231031267799597, 0.0, -0.00159069189358671], [-0.04903074364960777, 0.0, 0.00023815494062481875], [-0.0655174112856399, 0.0, 0.003445443493240926], [-0.08166037721149866, 0.0, 0.007997247991580726], [-0.09734970305259073, 0.0, 0.013859642662963413], [-0.11247545043432268, 0.0, 0.020998701734708133], [-0.12692768098210105, 0.0, 0.02938049943413408], [-0.14059645632133239, 0.0, 0.03897110998856041], [-0.15337183807742327, 0.0, 0.049736607625306295], [-0.16514388787578022, 0.0, 0.06164306657169089], [-0.17580266734180983, 0.0, 0.07465656105503339], [-0.1852382381009187, 0.0, 0.08874316530265304], [-0.1933406617785132, 0.0, 0.10386895354186881], [-0.2, 0.0, 0.12]],