{"fps": 60, "duration": 0.9862599243130944, "start_position": [0.15000000000000002, 0.0, 0.4800000000000001], "segments": [{"state": "LIT", "position": [[0.13503352154088782, 0.0, 0.511596364091441], [0.11462018610538494, 0.0, 0.5389355322081093], [0.08967053929934876, 0.0, 0.5617365199953234], [0.061095126728636706, 0.0, 0.5797183430984018], [0.029804493999106146, 0.0, 0.5926000171626635], [-0.0032908132833853188, 0.0, 0.6001005578334272], [-0.03728024951298034, 0.0, 0.6019389807560115], [-0.07125326908382143, 0.0, 0.5978343015757348], [-0.1042993263900512, 0.0, 0.5875055359379162], [-0.13539467821142792, 0.0, 0.5707973438282637], [-0.1627368059763163, 0.0, 0.5484187913939558], [-0.18419555113811759, 0.0, 0.5214426106488355], [-0.1976396167735396, 0.0, 0.49094279715447736], [-0.20112072376138018, 0.0, 0.4580431056453303], [-0.1948609964166515, 0.0, 0.4244573836148959], [-0.18050342453157692, 0.0, 0.3922857857361142], [-0.15971562218036414, 0.0, 0.36363516157111214], [-0.1341639663669777, 0.0, 0.34060554344509486], [-0.10529874584716603, 0.0, 0.3241061462723726], [-0.07410904117088674, 0.0, 0.31250456243091684], [-0.041524646000726806, 0.0, 0.30384166658822115], [-0.008475353999273239, 0.0, 0.2961583334117788], [0.024109041170886636, 0.0, 0.2874954375690831], [0.0552987458471661, 0.0, 0.2758938537276275], [0.0841639663669777, 0.0, 0.2593944565549051], [0.10971562218036413, 0.0, 0.23636483842888795], [0.13050342453157693, 0.0, 0.20771421426388578], [0.1448609964166514, 0.0, 0.17554261638510388], [0.15112072376138003, 0.0, 0.14195689435466943], [0.14763961677353954, 0.0, 0.10905720284552252], [0.1341955511381176, 0.0, 0.07855738935116445], [0.11273680597631619, 0.0, 0.05158120860604416], [0.08539467821142788, 0.0, 0.029202656171736063], [0.054299326390051195, 0.0, 0.012494464062083696], [0.02125326908382144, 0.0, 0.0021656984242651124], [-0.012719750487019621, 0.0, -0.0019389807560114209], [-0.04670918671661478, 0.0, -0.00010055783342724771], [-0.07980449399910634, 0.0, 0.007399982837336356], [-0.11109512672863679, 0.0, 0.020281656901598027], [-0.13967053929934892, 0.0, 0.03826348000467657], [-0.16462018610538517, 0.0, 0.061064467791890634], [-0.18503352154088795, 0.0, 0.08840363590855879], [-0.2, 0.0, 0.12]], "velocity": [[-1.2248001261301733, 0.0, 1.6403500870000953], [-1.4969788083621705, 0.0, 1.368059267232844], [-1.7145247542427233, 0.0, 1.0789093861847032], [-1.8774379637718337, 0.0, 0.7729004438557063], [-1.985718436949488, 0.0, 0.45003244024582], [-2.039366173775701, 0.0, 0.11030537535505758], [-2.0383811742504654, 0.0, -0.24628075081660095], [-1.982763438373786, 0.0, -0.6197259382691156], [-1.8657211092826034, 0.0, -1.0024915265791479], [-1.6405276658933021, 0.0, -1.3427131460584785], [-1.2875247097080778, 0.0, -1.618570844707219], [-0.8066439381253215, 0.0, -1.8299888096614858], [-0.20886641927043426, 0.0, -1.973981490548824], [0.37558364068372097, 0.0, -2.015143321826065], [0.861454313104475, 0.0, -1.9302958727268993], [1.2472681410727666, 0.0, -1.7190374499001249], [1.533099348803187, 0.0, -1.381777087561037], [1.7319132311886998, 0.0, -0.9899638303633351], [1.8713822805767577, 0.0, -0.6960950304873459], [1.9550637102095958, 0.0, -0.5197737505617417], [1.982957520087214, 0.0, -0.4609999905865425], [1.9550637102095925, 0.0, -0.5197737505617417], [1.8713822805767677, 0.0, -0.6960950304873359], [1.7319132311886964, 0.0, -0.9899638303633418], [1.5330993488031852, 0.0, -1.3817770875610302], [1.2472681410727682, 0.0, -1.71903744990013], [0.8614543131044683, 0.0, -1.9302958727269144], [0.37558364068371763, 0.0, -2.015143321826067], [-0.20886641927042926, 0.0, -1.9739814905488149], [-0.8066439381253165, 0.0, -1.8299888096614843], [-1.2875247097080844, 0.0, -1.6185708447072173], [-1.6405276658932988, 0.0, -1.342713146058486], [-1.865721109282601, 0.0, -1.002491526579142], [-1.9827634383737853, 0.0, -0.6197259382691149], [-2.0383811742504636, 0.0, -0.246280750816592], [-2.0393661737757096, 0.0, 0.1103053753550504], [-1.9857184369494938, 0.0, 0.45003244024581623], [-1.877437963771827, 0.0, 0.7729004438557003], [-1.7145247542427275, 0.0, 1.0789093861847123], [-1.4969788083621756, 0.0, 1.368059267232844], [-1.2248001261301666, 0.0, 1.6403500870000896], [-0.8979887075467236, 0.0, 1.8957818454864723], [1.4999999999999998, 0.0, 1.5428571428571431]]}, {"state": "RETURN", "position": [[-0.17500000000000002, 0.0, 0.1457142857142857], [-0.15000000000000002, 0.0, 0.17142857142857143], [-0.125, 0.0, 0.19714285714285712], [-0.10000000000000002, 0.0, 0.22285714285714284], [-0.07500000000000004, 0.0, 0.24857142857142855], [-0.05000000000000002, 0.0, 0.27428571428571424], [-0.025000000000000022, 0.0, 0.3], [-2.7755575615628914e-17, 0.0, 0.3257142857142857], [0.02499999999999994, 0.0, 0.3514285714285714], [0.04999999999999993, 0.0, 0.3771428571428571], [0.07499999999999996, 0.0, 0.4028571428571428], [0.09999999999999998, 0.0, 0.4285714285714285], [0.12499999999999994, 0.0, 0.45428571428571424], [0.14999999999999997, 0.0, 0.48]], "velocity": [[1.4999999999999998, 0.0, 1.5428571428571431], [1.5000000000000013, 0.0, 1.5428571428571414], [1.499999999999999, 0.0, 1.5428571428571431], [1.499999999999999, 0.0, 1.5428571428571431], [1.5000000000000013, 0.0, 1.5428571428571414], [1.4999999999999998, 0.0, 1.5428571428571447], [1.4999999999999998, 0.0, 1.5428571428571414], [1.499999999999998, 0.0, 1.5428571428571447], [1.4999999999999998, 0.0, 1.5428571428571414], [1.5000000000000013, 0.0, 1.5428571428571414], [1.5000000000000013, 0.0, 1.5428571428571414], [1.499999999999998, 0.0, 1.5428571428571447], [1.5000000000000013, 0.0, 1.5428571428571447], [-0.8979887075467285, 0.0, 1.895781845486464]]}]}