{"fps": 30, "duration": 0.9822816666299367, "start_position": [0.15000000000000002, 0.0, 0.4800000000000001], "segments": [{"state": "LIT", "position": [[0.11352776172377604, 0.0, 0.5401264250925375], [0.0582177267321643, 0.0, 0.5811693231270703], [-0.00811294165716911, 0.0, 0.600716403520762], [-0.0776470801265578, 0.0, 0.5963553756907763], [-0.1423248146213924, 0.0, 0.5659433472267964], [-0.1889477425945141, 0.0, 0.5130409648481142], [-0.20003684762467003, 0.0, 0.4468207925048863], [-0.1732519604311532, 0.0, 0.38084173559075873], [-0.12213742519711254, 0.0, 0.3328089827989767], [-0.058709543502001776, 0.0, 0.30813309940595046], [0.008709543502001621, 0.0, 0.29186690059404957], [0.07213742519711253, 0.0, 0.26719101720102334], [0.12325196043115316, 0.0, 0.21915826440924127], [0.1500368476246699, 0.0, 0.15317920749511357], [0.13894774259451415, 0.0, 0.08695903515188574], [0.09232481462139241, 0.0, 0.03405665277320361], [0.027647080126557755, 0.0, 0.003644624309223602], [-0.04188705834283096, 0.0, -0.0007164035207620673], [-0.10821772673216436, 0.0, 0.01883067687292953], [-0.16352776172377625, 0.0, 0.0598735749074623], [-0.2, 0.0, 0.12]], "velocity": [[-1.6593010497483525, 0.0, 1.2312869410359828], [-1.9899200516800022, 0.0, 0.5864124118107539], [-2.086024154081661, 0.0, -0.13083083489957126], [-1.9403320348450381, 0.0, -0.9123608539193984], [-1.398687839193651, 0.0, -1.587071471360465], [-0.33267315090467764, 0.0, -1.9866051702968375], [0.8035466158055047, 0.0, -1.9793717074238277], [1.53343605702122, 0.0, -1.4409825837534613], [1.902836450853323, 0.0, -0.740276501790787], [2.022572610120102, 0.0, -0.4879859643570267], [1.902836450853327, 0.0, -0.740276501790787], [1.533436057021219, 0.0, -1.440982583753462], [0.8035466158055021, 0.0, -1.979371707423831], [-0.33267315090467264, 0.0, -1.9866051702968348], [-1.398687839193652, 0.0, -1.587071471360464], [-1.94033203484504, 0.0, -0.9123608539194004], [-2.0860241540816618, 0.0, -0.1308308348995701], [-1.9899200516800017, 0.0, 0.5864124118107479], [-1.659301049748357, 0.0, 1.2312869410359832], [-1.0941671482867128, 0.0, 1.8037927527761308], [1.7499999999999996, 0.0, 1.8]]}, {"state": "RETURN", "position": [[-0.1416666666666667, 0.0, 0.18], [-0.08333333333333336, 0.0, 0.24], [-0.025000000000000022, 0.0, 0.3], [0.0333333333333333, 0.0, 0.35999999999999993], [0.09166666666666662, 0.0, 0.42], [0.14999999999999997, 0.0, 0.48]], "velocity": [[1.75, 0.0, 1.8], [1.75, 0.0, 1.8], [1.7499999999999996, 0.0, 1.7999999999999983], [1.7499999999999996, 0.0, 1.8000000000000016], [1.7500000000000004, 0.0, 1.8], [-1.0941671482867177, 0.0, 1.8037927527761255]]}]}